{
    "os": "macOS-12.4-arm64-arm-64bit",
    "python": "3.11.0",
    "heartbeatAt": "2024-09-18T14:04:19.839593",
    "startedAt": "2024-09-18T14:04:18.849022",
    "docker": null,
    "cuda": null,
    "args": [
        "--water-sim",
        "nile",
        "--num-of-obj",
        "4",
        "--nfes",
        "100000",
        "--seed",
        "4",
        "--epsilons",
        "1e-04",
        "1e-04",
        "1e-04",
        "1e-04",
        "--ref-point",
        "0",
        "-240",
        "-240",
        "0"
    ],
    "state": "running",
    "program": "/Users/zuzannaosika/Documents/My PhD Projects/RL4Water/aamas/rl4water_envs/run_experiment.py",
    "codePathLocal": "run_experiment.py",
    "codePath": "run_experiment.py",
    "git": {
        "remote": "git@github.com:osikazuzanna/morl4water.git",
        "commit": "2f7583177816fe40064e2b12390afcc6ba54366a"
    },
    "email": "osikazuzanna@gmail.com",
    "root": "/Users/zuzannaosika/Documents/My PhD Projects/RL4Water/aamas/rl4water_envs",
    "host": "c-001-019-029.client.tudelft.eduvpn.nl",
    "username": "zuzannaosika",
    "executable": "/Users/zuzannaosika/miniforge3/envs/morl4waterpy11/bin/python",
    "cpu_count": 8,
    "cpu_count_logical": 8,
    "cpu_freq": {
        "current": 3228,
        "min": 600,
        "max": 3228
    },
    "cpu_freq_per_core": [
        {
            "current": 3228,
            "min": 600,
            "max": 3228
        }
    ],
    "disk": {
        "/": {
            "total": 460.4317207336426,
            "used": 271.17574310302734
        }
    },
    "gpuapple": {
        "type": "Apple M1 Pro",
        "vendor": "sppci_vendor_Apple"
    },
    "memory": {
        "total": 16.0
    }
}
