{
    "os": "macOS-12.4-arm64-arm-64bit",
    "python": "3.11.0",
    "heartbeatAt": "2025-03-04T13:51:58.104266",
    "startedAt": "2025-03-04T13:51:57.078044",
    "docker": null,
    "cuda": null,
    "args": [],
    "state": "running",
    "program": "/Users/zuzannaosika/Documents/My PhD Projects/morl4water/launch_experiment_debug.py",
    "codePathLocal": "launch_experiment_debug.py",
    "codePath": "launch_experiment_debug.py",
    "git": {
        "remote": "git@github.com:osikazuzanna/morl4water.git",
        "commit": "2faa6ca434302c76b798d77978ffa55e5c799c26"
    },
    "email": "osikazuzanna@gmail.com",
    "root": "/Users/zuzannaosika/Documents/My PhD Projects/morl4water",
    "host": "zuzannasikasmbp.home",
    "username": "zuzannaosika",
    "executable": "/Users/zuzannaosika/miniforge3/envs/morl4waterpy11/bin/python",
    "cpu_count": 8,
    "cpu_count_logical": 8,
    "cpu_freq": {
        "current": 3228,
        "min": 600,
        "max": 3228
    },
    "cpu_freq_per_core": [
        {
            "current": 3228,
            "min": 600,
            "max": 3228
        }
    ],
    "disk": {
        "/": {
            "total": 460.4317207336426,
            "used": 272.4637222290039
        }
    },
    "gpuapple": {
        "type": "Apple M1 Pro",
        "vendor": "sppci_vendor_Apple"
    },
    "memory": {
        "total": 16.0
    }
}
