{
    "os": "macOS-12.4-arm64-arm-64bit",
    "python": "3.11.0",
    "heartbeatAt": "2024-10-03T12:44:11.523046",
    "startedAt": "2024-10-03T12:44:10.855028",
    "docker": null,
    "cuda": null,
    "args": [
        "--algo",
        "gpi_ls_continuous",
        "--env-id",
        "nile-v0",
        "--ref-point",
        "0.0000001",
        "-240",
        "-240",
        "0.0000001",
        "--wandb-entity",
        "osikaz",
        "--config-name",
        "gpi.yaml"
    ],
    "state": "running",
    "program": "/Users/zuzannaosika/Documents/My PhD Projects/RL4Water/aamas/rl4water_envs/launch_sweep_init.py",
    "codePathLocal": "launch_sweep_init.py",
    "codePath": "launch_sweep_init.py",
    "git": {
        "remote": "git@github.com:osikazuzanna/morl4water.git",
        "commit": "79c48bab2d726522e88a8d5c10c0069d9bf408fd"
    },
    "email": "osikazuzanna@gmail.com",
    "root": "/Users/zuzannaosika/Documents/My PhD Projects/RL4Water/aamas/rl4water_envs",
    "host": "zuzannasikasmbp.home",
    "username": "zuzannaosika",
    "executable": "/Users/zuzannaosika/miniforge3/envs/morl4waterpy11/bin/python",
    "cpu_count": 8,
    "cpu_count_logical": 8,
    "cpu_freq": {
        "current": 3228,
        "min": 600,
        "max": 3228
    },
    "cpu_freq_per_core": [
        {
            "current": 3228,
            "min": 600,
            "max": 3228
        }
    ],
    "disk": {
        "/": {
            "total": 460.4317207336426,
            "used": 250.7496223449707
        }
    },
    "gpuapple": {
        "type": "Apple M1 Pro",
        "vendor": "sppci_vendor_Apple"
    },
    "memory": {
        "total": 16.0
    }
}
